{
  "project_info": {
    "project_number": "739596350790",
    "firebase_url": "https://live-chat-81c01.firebaseio.com",
    "project_id": "live-chat-81c01",
    "storage_bucket": "live-chat-81c01.appspot.com"
  },
  "client": [
    {
      "client_info": {
        "mobilesdk_app_id": "1:739596350790:android:8c5bdfcf30401643",
        "android_client_info": {
          "package_name": "streamtoday.streamtoday"
        }
      },
      "oauth_client": [
        {
          "client_id": "739596350790-d08absdmbnhslvrri3gdkvobdacitipe.apps.googleusercontent.com",
          "client_type": 3
        }
      ],
      "api_key": [
        {
          "current_key": "AIzaSyDGctSMrDGkx8dFnr_BhfX8ZPFpJyL8_wA"
        }
      ],
      "services": {
        "analytics_service": {
          "status": 1
        },
        "appinvite_service": {
          "status": 1,
          "other_platform_oauth_client": []
        },
        "ads_service": {
          "status": 2
        }
      }
    }
  ],
  "configuration_version": "1"
}